--
-- File generated with SQLiteStudio v3.1.1 on Tue May 25 21:35:42 2021
--
-- Text encoding used: UTF-8
--
PRAGMA foreign_keys = off;
BEGIN TRANSACTION;


INSERT INTO food (
                     id,
                     name,
                     calories
                 )
                 VALUES (
                     1,
                     'spenat',
                     40
                 );

INSERT INTO food (
                     id,
                     name,
                     calories
                 )
                 VALUES (
                     2,
                     'lax',
                     181
                 );

INSERT INTO food (
                     id,
                     name,
                     calories
                 )
                 VALUES (
                     3,
                     'spaghetti',
                     330
                 );

INSERT INTO food (
                     id,
                     name,
                     calories
                 )
                 VALUES (
                     4,
                     'tomat',
                     21
                 );

INSERT INTO food (
                     id,
                     name,
                     calories
                 )
                 VALUES (
                     5,
                     'romansallad',
                     45
                 );

INSERT INTO food (
                     id,
                     name,
                     calories
                 )
                 VALUES (
                     6,
                     'gurka',
                     11
                 );

INSERT INTO food (
                     id,
                     name,
                     calories
                 )
                 VALUES (
                     7,
                     'rödlök',
                     64
                 );

INSERT INTO food (
                     id,
                     name,
                     calories
                 )
                 VALUES (
                     8,
                     'olivolja',
                     460
                 );

INSERT INTO food (
                     id,
                     name,
                     calories
                 )
                 VALUES (
                     9,
                     'herbamare',
                     90
                 );

INSERT INTO food (
                     id,
                     name,
                     calories
                 )
                 VALUES (
                     10,
                     'köttfärs',
                     280
                 );

INSERT INTO food (
                     id,
                     name,
                     calories
                 )
                 VALUES (
                     11,
                     'paprikapulver',
                     75
                 );

INSERT INTO food (
                     id,
                     name,
                     calories
                 )
                 VALUES (
                     12,
                     'vitlök',
                     65
                 );

INSERT INTO food (
                     id,
                     name,
                     calories
                 )
                 VALUES (
                     13,
                     'pesto',
                     410
                 );

INSERT INTO food (
                     id,
                     name,
                     calories
                 )
                 VALUES (
                     14,
                     'bikarbonat',
                     27
                 );

INSERT INTO food (
                     id,
                     name,
                     calories
                 )
                 VALUES (
                     15,
                     'havregryn',
                     230
                 );

INSERT INTO food (
                     id,
                     name,
                     calories
                 )
                 VALUES (
                     16,
                     'mjölk 0.5%',
                     45
                 );

INSERT INTO food (
                     id,
                     name,
                     calories
                 )
                 VALUES (
                     17,
                     'mörk choklad',
                     510
                 );

INSERT INTO food (
                     id,
                     name,
                     calories
                 )
                 VALUES (
                     18,
                     'hallon',
                     95
                 );

INSERT INTO food (
                     id,
                     name,
                     calories
                 )
                 VALUES (
                     19,
                     'kalkon',
                     115
                 );

INSERT INTO food (
                     id,
                     name,
                     calories
                 )
                 VALUES (
                     20,
                     'kräftor',
                     69
                 );

INSERT INTO food (
                     id,
                     name,
                     calories
                 )
                 VALUES (
                     21,
                     'sill',
                     230
                 );

INSERT INTO food (
                     id,
                     name,
                     calories
                 )
                 VALUES (
                     22,
                     'avocado',
                     169
                 );

INSERT INTO food (
                     id,
                     name,
                     calories
                 )
                 VALUES (
                     23,
                     'blomkål',
                     25
                 );

INSERT INTO food (
                     id,
                     name,
                     calories
                 )
                 VALUES (
                     24,
                     'broccoli',
                     27
                 );

INSERT INTO food (
                     id,
                     name,
                     calories
                 )
                 VALUES (
                     25,
                     'kikärtor',
                     333
                 );

INSERT INTO food (
                     id,
                     name,
                     calories
                 )
                 VALUES (
                     26,
                     'linser',
                     303
                 );

INSERT INTO food (
                     id,
                     name,
                     calories
                 )
                 VALUES (
                     27,
                     'röd paprika',
                     36
                 );

INSERT INTO food (
                     id,
                     name,
                     calories
                 )
                 VALUES (
                     28,
                     'rödbeta',
                     35
                 );

INSERT INTO food (
                     id,
                     name,
                     calories
                 )
                 VALUES (
                     29,
                     'citron',
                     29
                 );

INSERT INTO food (
                     id,
                     name,
                     calories
                 )
                 VALUES (
                     30,
                     'blåbär',
                     59
                 );

INSERT INTO food (
                     id,
                     name,
                     calories
                 )
                 VALUES (
                     31,
                     'banan',
                     109
                 );

INSERT INTO food (
                     id,
                     name,
                     calories
                 )
                 VALUES (
                     32,
                     'mango',
                     74
                 );

INSERT INTO food (
                     id,
                     name,
                     calories
                 )
                 VALUES (
                     33,
                     'äpple',
                     59
                 );

INSERT INTO food (
                     id,
                     name,
                     calories
                 )
                 VALUES (
                     34,
                     'hasselnötter',
                     670
                 );

INSERT INTO food (
                     id,
                     name,
                     calories
                 )
                 VALUES (
                     35,
                     'jordnötter',
                     600
                 );

INSERT INTO food (
                     id,
                     name,
                     calories
                 )
                 VALUES (
                     36,
                     'valnötter',
                     700
                 );

INSERT INTO food (
                     id,
                     name,
                     calories
                 )
                 VALUES (
                     37,
                     'mjölk 3%',
                     60
                 );

INSERT INTO food (
                     id,
                     name,
                     calories
                 )
                 VALUES (
                     38,
                     'smör',
                     720
                 );

INSERT INTO food (
                     id,
                     name,
                     calories
                 )
                 VALUES (
                     39,
                     'parmesan',
                     450
                 );

INSERT INTO food (
                     id,
                     name,
                     calories
                 )
                 VALUES (
                     40,
                     'naturell yoghurt',
                     58
                 );

INSERT INTO food (
                     id,
                     name,
                     calories
                 )
                 VALUES (
                     41,
                     'rågbröd',
                     259
                 );

INSERT INTO food (
                     id,
                     name,
                     calories
                 )
                 VALUES (
                     42,
                     'surdegsbröd',
                     319
                 );



INSERT INTO meal_food (
                          meal_id,
                          food_id,
                          quantity
                      )
                      VALUES (
                          1,
                          2,
                          100
                      );

INSERT INTO meal_food (
                          meal_id,
                          food_id,
                          quantity
                      )
                      VALUES (
                          1,
                          3,
                          125
                      );

INSERT INTO meal_food (
                          meal_id,
                          food_id,
                          quantity
                      )
                      VALUES (
                          1,
                          1,
                          50
                      );

INSERT INTO meal_food (
                          meal_id,
                          food_id,
                          quantity
                      )
                      VALUES (
                          1,
                          13,
                          150
                      );

INSERT INTO meal_food (
                          meal_id,
                          food_id,
                          quantity
                      )
                      VALUES (
                          1,
                          8,
                          5
                      );

INSERT INTO meal_food (
                          meal_id,
                          food_id,
                          quantity
                      )
                      VALUES (
                          1,
                          4,
                          50
                      );

INSERT INTO meal_food (
                          meal_id,
                          food_id,
                          quantity
                      )
                      VALUES (
                          2,
                          1,
                          50
                      );

INSERT INTO meal_food (
                          meal_id,
                          food_id,
                          quantity
                      )
                      VALUES (
                          2,
                          4,
                          50
                      );

INSERT INTO meal_food (
                          meal_id,
                          food_id,
                          quantity
                      )
                      VALUES (
                          2,
                          5,
                          50
                      );

INSERT INTO meal_food (
                          meal_id,
                          food_id,
                          quantity
                      )
                      VALUES (
                          2,
                          6,
                          5
                      );

INSERT INTO meal_food (
                          meal_id,
                          food_id,
                          quantity
                      )
                      VALUES (
                          2,
                          7,
                          50
                      );

INSERT INTO meal_food (
                          meal_id,
                          food_id,
                          quantity
                      )
                      VALUES (
                          2,
                          8,
                          50
                      );

INSERT INTO meal_food (
                          meal_id,
                          food_id,
                          quantity
                      )
                      VALUES (
                          2,
                          9,
                          50
                      );

INSERT INTO meal_food (
                          meal_id,
                          food_id,
                          quantity
                      )
                      VALUES (
                          3,
                          10,
                          150
                      );

INSERT INTO meal_food (
                          meal_id,
                          food_id,
                          quantity
                      )
                      VALUES (
                          3,
                          12,
                          10
                      );

INSERT INTO meal_food (
                          meal_id,
                          food_id,
                          quantity
                      )
                      VALUES (
                          3,
                          11,
                          15
                      );

INSERT INTO meal_food (
                          meal_id,
                          food_id,
                          quantity
                      )
                      VALUES (
                          3,
                          14,
                          3
                      );

INSERT INTO meal_food (
                          meal_id,
                          food_id,
                          quantity
                      )
                      VALUES (
                          4,
                          15,
                          50
                      );

INSERT INTO meal_food (
                          meal_id,
                          food_id,
                          quantity
                      )
                      VALUES (
                          4,
                          18,
                          30
                      );

INSERT INTO meal_food (
                          meal_id,
                          food_id,
                          quantity
                      )
                      VALUES (
                          4,
                          17,
                          10
                      );

INSERT INTO meal_food (
                          meal_id,
                          food_id,
                          quantity
                      )
                      VALUES (
                          5,
                          18,
                          30
                      );

INSERT INTO meal_food (
                          meal_id,
                          food_id,
                          quantity
                      )
                      VALUES (
                          5,
                          32,
                          45
                      );

INSERT INTO meal_food (
                          meal_id,
                          food_id,
                          quantity
                      )
                      VALUES (
                          5,
                          30,
                          40
                      );

INSERT INTO meal_food (
                          meal_id,
                          food_id,
                          quantity
                      )
                      VALUES (
                          6,
                          22,
                          70
                      );

INSERT INTO meal_food (
                          meal_id,
                          food_id,
                          quantity
                      )
                      VALUES (
                          6,
                          42,
                          90
                      );

INSERT INTO meal_food (
                          meal_id,
                          food_id,
                          quantity
                      )
                      VALUES (
                          6,
                          38,
                          7
                      );



INSERT INTO meals (
                      id,
                      name
                  )
                  VALUES (
                      1,
                      'laxpasta'
                  );

INSERT INTO meals (
                      id,
                      name
                  )
                  VALUES (
                      2,
                      'sallad'
                  );

INSERT INTO meals (
                      id,
                      name
                  )
                  VALUES (
                      3,
                      'cevapcici'
                  );

INSERT INTO meals (
                      id,
                      name
                  )
                  VALUES (
                      4,
                      'gröt'
                  );

INSERT INTO meals (
                      id,
                      name
                  )
                  VALUES (
                      5,
                      'fruktsallad'
                  );

INSERT INTO meals (
                      id,
                      name
                  )
                  VALUES (
                      6,
                      'avocadomacka'
                  );


COMMIT TRANSACTION;
PRAGMA foreign_keys = on;
